{
  "hardware_shares": {
    "Q3 2024": {
      "NVIDIA": 0.746268656716418,
      "AMD": 0.08955223880597014,
      "Intel": 0.014925373134328358,
      "Google_TPU": 0.14925373134328357
    },
    "Q4 2024": {
      "NVIDIA": 0.746268656716418,
      "AMD": 0.08955223880597014,
      "Intel": 0.014925373134328358,
      "Google_TPU": 0.14925373134328357
    },
    "Q1 2025": {
      "NVIDIA": 0.746268656716418,
      "AMD": 0.08955223880597014,
      "Intel": 0.014925373134328358,
      "Google_TPU": 0.14925373134328357
    },
    "Q2 2025": {
      "NVIDIA": 0.746268656716418,
      "AMD": 0.08955223880597014,
      "Intel": 0.014925373134328358,
      "Google_TPU": 0.14925373134328357
    }
  },
  "inference_shares": {
    "Q3 2024": {
      "OpenAI": 0.10296425585590871,
      "Anthropic": 0.015444638378386307,
      "Google_Gemini": 0.025741063963977177,
      "Microsoft_Azure": 0.5720236436439373,
      "AWS_Bedrock": 0.27867818536499506,
      "Meta": 0.005148212792795435
    },
    "Q4 2024": {
      "OpenAI": 0.07957890441084782,
      "Anthropic": 0.017507358970386522,
      "Google_Gemini": 0.022282093235037395,
      "Microsoft_Azure": 0.5894733660062802,
      "AWS_Bedrock": 0.2871793321569057,
      "Meta": 0.003978945220542391
    },
    "Q1 2025": {
      "OpenAI": 0.061131448482482906,
      "Anthropic": 0.018339434544744872,
      "Google_Gemini": 0.01956206351439453,
      "Microsoft_Azure": 0.6037673924195842,
      "AWS_Bedrock": 0.29414308861466926,
      "Meta": 0.003056572424124145
    },
    "Q2 2025": {
      "OpenAI": 0.057086263221963876,
      "Anthropic": 0.021692780024346273,
      "Google_Gemini": 0.019980192127687358,
      "Microsoft_Azure": 0.6040874415022632,
      "AWS_Bedrock": 0.2942990099626411,
      "Meta": 0.002854313161098194
    }
  },
  "entity_mappings": {
    "NVIDIA_OpenAI_Ecosystem": {
      "hardware": [
        "NVIDIA"
      ],
      "inference": [
        "OpenAI"
      ],
      "rationale": "NVIDIA GPUs power OpenAI infrastructure, strong partnership"
    },
    "Google_Integrated": {
      "hardware": [
        "Google_TPU"
      ],
      "inference": [
        "Google_Gemini"
      ],
      "rationale": "Fully vertically integrated: Google TPUs power Gemini models"
    },
    "Microsoft_Azure_OpenAI": {
      "hardware": [],
      "inference": [
        "Microsoft_Azure"
      ],
      "rationale": "Microsoft Azure OpenAI service, exclusive OpenAI partnership"
    },
    "Anthropic_AWS": {
      "hardware": [],
      "inference": [
        "Anthropic",
        "AWS_Bedrock"
      ],
      "rationale": "Anthropic partnership with AWS, Claude available on Bedrock"
    },
    "AMD_Ecosystem": {
      "hardware": [
        "AMD"
      ],
      "inference": [],
      "rationale": "AMD MI300X chips, limited exclusive inference partnerships"
    },
    "Intel_Standalone": {
      "hardware": [
        "Intel"
      ],
      "inference": [],
      "rationale": "Intel Gaudi chips, limited market adoption"
    },
    "Meta_Internal": {
      "hardware": [],
      "inference": [
        "Meta"
      ],
      "rationale": "Primarily internal use, limited external API"
    }
  },
  "integrated_shares": {
    "Q3 2024": {
      "NVIDIA_OpenAI_Ecosystem": 0.3602860162001124,
      "Google_Integrated": 0.07514613091569974,
      "Microsoft_Azure_OpenAI": 0.3432141861863624,
      "Anthropic_AWS": 0.17647369424602882,
      "AMD_Ecosystem": 0.03582089552238806,
      "Intel_Standalone": 0.005970149253731343,
      "Meta_Internal": 0.003088927675677261
    },
    "Q4 2024": {
      "NVIDIA_OpenAI_Ecosystem": 0.3462548053330759,
      "Google_Integrated": 0.07307074847833586,
      "Microsoft_Azure_OpenAI": 0.3536840196037681,
      "Anthropic_AWS": 0.18281201467637534,
      "AMD_Ecosystem": 0.03582089552238806,
      "Intel_Standalone": 0.005970149253731343,
      "Meta_Internal": 0.0023873671323254345
    },
    "Q1 2025": {
      "NVIDIA_OpenAI_Ecosystem": 0.33518633177605694,
      "Google_Integrated": 0.07143873064595015,
      "Microsoft_Azure_OpenAI": 0.3622604354517505,
      "Anthropic_AWS": 0.18748951389564847,
      "AMD_Ecosystem": 0.03582089552238806,
      "Intel_Standalone": 0.005970149253731343,
      "Meta_Internal": 0.001833943454474487
    },
    "Q2 2025": {
      "NVIDIA_OpenAI_Ecosystem": 0.3327592206197455,
      "Google_Integrated": 0.07168960781392585,
      "Microsoft_Azure_OpenAI": 0.3624524649013579,
      "Anthropic_AWS": 0.18959507399219241,
      "AMD_Ecosystem": 0.03582089552238806,
      "Intel_Standalone": 0.005970149253731343,
      "Meta_Internal": 0.0017125878966589164
    }
  },
  "hhi": {
    "Q3 2024": {
      "base_hhi": 2857.202175336783,
      "vertical_integration_bonus": 0,
      "adjusted_hhi": 2857.202175336783
    },
    "Q4 2024": {
      "base_hhi": 2850.6882169250653,
      "vertical_integration_bonus": 0,
      "adjusted_hhi": 2850.6882169250653
    },
    "Q1 2025": {
      "base_hhi": 2851.604527470439,
      "vertical_integration_bonus": 0,
      "adjusted_hhi": 2851.604527470439
    },
    "Q2 2025": {
      "base_hhi": 2845.078923665914,
      "vertical_integration_bonus": 0,
      "adjusted_hhi": 2845.078923665914
    }
  },
  "sensitivity_analysis": {
    "Q3 2024": {
      "scenario_-60": 1142.8808701347132,
      "scenario_-40": 1714.3213052020699,
      "scenario_-20": 2285.7617402694264,
      "scenario_0": 2857.202175336783,
      "scenario_20": 3028.63430585699,
      "scenario_40": 3200.0664363771966,
      "scenario_60": 3371.4985668974036,
      "min": 1142.8808701347132,
      "max": 3371.4985668974036,
      "median": 2857.202175336783,
      "confidence_level": "Medium"
    },
    "Q4 2024": {
      "scenario_-60": 1140.2752867700262,
      "scenario_-40": 1710.412930155039,
      "scenario_-20": 2280.5505735400525,
      "scenario_0": 2850.6882169250653,
      "scenario_20": 3021.729509940569,
      "scenario_40": 3192.7708029560727,
      "scenario_60": 3363.812095971577,
      "min": 1140.2752867700262,
      "max": 3363.812095971577,
      "median": 2850.6882169250653,
      "confidence_level": "Medium"
    },
    "Q1 2025": {
      "scenario_-60": 1140.6418109881756,
      "scenario_-40": 1710.9627164822632,
      "scenario_-20": 2281.2836219763512,
      "scenario_0": 2851.604527470439,
      "scenario_20": 3022.700799118665,
      "scenario_40": 3193.797070766891,
      "scenario_60": 3364.893342415118,
      "min": 1140.6418109881756,
      "max": 3364.893342415118,
      "median": 2851.604527470439,
      "confidence_level": "Medium"
    },
    "Q2 2025": {
      "scenario_-60": 1138.0315694663657,
      "scenario_-40": 1707.0473541995482,
      "scenario_-20": 2276.0631389327314,
      "scenario_0": 2845.078923665914,
      "scenario_20": 3015.7836590858687,
      "scenario_40": 3186.488394505823,
      "scenario_60": 3357.193129925778,
      "min": 1138.0315694663657,
      "max": 3357.193129925778,
      "median": 2845.078923665914,
      "confidence_level": "Medium"
    }
  },
  "triggers": {
    "Q3 2024": {
      "hhi": 2857.202175336783,
      "concentration_band": "high",
      "triggers": []
    },
    "Q4 2024": {
      "hhi": 2850.6882169250653,
      "concentration_band": "high",
      "triggers": []
    },
    "Q1 2025": {
      "hhi": 2851.604527470439,
      "concentration_band": "high",
      "triggers": []
    },
    "Q2 2025": {
      "hhi": 2845.078923665914,
      "concentration_band": "high",
      "triggers": [
        {
          "type": "sustained_high_4Q",
          "action": "audit_access_practices",
          "severity": "Warning"
        }
      ]
    }
  },